text,intent
صندوق چیه؟,مفهوم صندوق
منظور از صندوق چیه؟,مفهوم صندوق
معنی صندوق چیه؟,مفهوم صندوق
می خوام معنی صندوق رو بدونم.,مفهوم صندوق
میشه برام توضیح بدی صندوق چیه؟,مفهوم صندوق
صندوق رو بلد نیستم. میشه برام توضیح بدی؟,مفهوم صندوق
من هیچ برداشتی از صندوق ندارم. میشه توضیح بدی؟,مفهوم صندوق
صندوق چه کارایی داره؟,مفهوم صندوق
صندوق چه مزیتی داره؟,مفهوم صندوق
چه کارایی با صندوق می تونم انجام بدم؟,مفهوم صندوق
صندوق داریم که چی بشه؟,مفهوم صندوق
واژه صندوق یعنی چی؟,مفهوم صندوق
گزارشات صندوق چیه؟,مفهوم گزارشات صندوق
منظور از گزارشات صندوق چیه؟,مفهوم گزارشات صندوق
معنی گزارشات صندوق چیه؟,مفهوم گزارشات صندوق
می خوام معنی گزارشات صندوق رو بدونم.,مفهوم گزارشات صندوق
میشه برام توضیح بدی گزارشات صندوق چیه؟,مفهوم گزارشات صندوق
گزارشات صندوق رو بلد نیستم. میشه برام توضیح بدی؟,مفهوم گزارشات صندوق
من هیچ برداشتی از گزارشات صندوق ندارم. میشه توضیح بدی؟,مفهوم گزارشات صندوق
گزارشات صندوق چه کارایی داره؟,مفهوم گزارشات صندوق
گزارشات صندوق چه مزیتی داره؟,مفهوم گزارشات صندوق
چه کارایی با گزارشات صندوق می تونم انجام بدم؟,مفهوم گزارشات صندوق
گزارشات صندوق داریم که چی بشه؟,مفهوم گزارشات صندوق
واژه گزارشات صندوق یعنی چی؟,مفهوم گزارشات صندوق
صندوق باز چیه؟,مفهوم صندوق باز
منظور از صندوق باز چیه؟,مفهوم صندوق باز
معنی صندوق باز چیه؟,مفهوم صندوق باز
می خوام معنی صندوق باز رو بدونم.,مفهوم صندوق باز
میشه برام توضیح بدی صندوق باز چیه؟,مفهوم صندوق باز
صندوق باز رو بلد نیستم. میشه برام توضیح بدی؟,مفهوم صندوق باز
من هیچ برداشتی از صندوق باز ندارم. میشه توضیح بدی؟,مفهوم صندوق باز
صندوق باز چه کارایی داره؟,مفهوم صندوق باز
صندوق باز چه مزیتی داره؟,مفهوم صندوق باز
چه کارایی با صندوق باز می تونم انجام بدم؟,مفهوم صندوق باز
صندوق باز داریم که چی بشه؟,مفهوم صندوق باز
واژه صندوق باز یعنی چی؟,مفهوم صندوق باز
بستن صندوق چیه؟,مفهوم بستن صندوق
منظور از بستن صندوق چیه؟,مفهوم بستن صندوق
معنی بستن صندوق چیه؟,مفهوم بستن صندوق
می خوام معنی صندوق بسته رو بدونم.,مفهوم بستن صندوق
میشه برام توضیح بدی بستن صندوق چیه؟,مفهوم بستن صندوق
صندوق بسته رو بلد نیستم. میشه برام توضیح بدی؟,مفهوم بستن صندوق
من هیچ برداشتی از بستن صندوق ندارم. میشه توضیح بدی؟,مفهوم بستن صندوق
بستن صندوق چه کارایی داره؟,مفهوم بستن صندوق
بستن صندوق چه مزیتی داره؟,مفهوم بستن صندوق
چه کارایی با بستن صندوق می تونم انجام بدم؟,مفهوم بستن صندوق
بستن صندوق داریم که چی بشه؟,مفهوم بستن صندوق
واژه بستن صندوق یعنی چی؟,مفهوم بستن صندوق
